{
  "env": {
    "prefix": "env",
    "body": ["(env\n ($1 $2))"],
    "description": "Snippet for an env stanza"
  },
  "executable": {
    "prefix": "executable",
    "body": ["(executable\n (name $1)\n (public_name $2)\n (libraries $3))"],
    "description": "Snippet for an executable stanza"
  },
  "executables": {
    "prefix": "executables",
    "body": ["(executables\n (names $1)\n (public_names $2)\n (libraries $3))"],
    "description": "Snippet for an executables stanza"
  },
  "install": {
    "prefix": "install",
    "body": ["(install\n (section $1)\n (files ($2.exe as $3)))"],
    "description": "Snippet for an install stanza"
  },
  "library": {
    "prefix": "library",
    "body": ["(library\n (name $1)\n (public_name $2)\n (libraries $3))"],
    "description": "Snippet for a library stanza"
  },
  "rule": {
    "prefix": "rule",
    "body": ["(rule\n (alias $1)\n (deps $2)\n (targets $3)\n (action $4))"],
    "description": "Snippet for a rule stanza"
  },
  "test": {
    "prefix": "test",
    "body": ["(test\n (name $1)\n (libraries $2))"],
    "description": "Snippet for a test stanza"
  }
}
